order_id,store_id,order_date,ship_date,channel,product_category,units,unit_price,discount_rate,net_sales,profit,returned
1,215,2024-02-13,2024-02-16,Online,Home,3,90.0,0.1,243.0,79.51,0
2,229,2024-04-15,2024-04-18,Online,Clothing,2,50.0,0.0,100.0,34.52,0
3,217,2024-04-27,2024-05-01,Online,Beauty,2,25.0,0.1,45.0,23.7,0
4,224,2023-04-02,2023-04-03,Online,Clothing,2,15.0,0.05,28.5,12.84,1
5,228,2023-03-04,2023-03-05,In-Store,Sports,2,45.0,0.0,90.0,33.68,0
6,214,2023-01-10,2023-01-12,In-Store,Home,3,20.0,0.0,60.0,18.36,0
7,225,2023-05-22,2023-05-24,Online,Beauty,2,10.0,0.1,18.0,11.17,1
8,232,2023-01-21,2023-01-26,Online,Clothing,4,25.0,0.05,95.0,43.55,0
9,210,2024-07-27,2024-08-02,In-Store,Beauty,5,40.0,0.0,200.0,96.07,0
10,229,2023-01-19,2023-01-24,In-Store,Sports,1,25.0,0.0,25.0,8.72,0
11,219,2023-02-20,2023-02-21,Online,Sports,5,110.0,0.15,467.5,105.07,0
12,215,2023-03-26,2023-03-30,Online,Clothing,5,75.0,0.15,318.75,145.04,0
13,219,2023-08-16,2023-08-21,In-Store,Clothing,5,15.0,0.05,71.25,28.1,0
14,225,2023-01-01,2023-01-06,In-Store,Home,5,35.0,0.0,175.0,59.65,0
15,226,2023-04-15,2023-04-20,In-Store,Electronics,2,249.0,0.0,498.0,99.58,0
16,225,2023-06-15,2023-06-18,In-Store,Home,5,180.0,0.0,900.0,251.35,0
17,219,2023-08-30,2023-09-04,In-Store,Electronics,2,199.0,0.0,398.0,70.77,0
18,206,2023-07-12,2023-07-13,In-Store,Sports,3,45.0,0.0,135.0,41.94,0
19,227,2024-06-22,2024-06-24,In-Store,Beauty,2,55.0,0.0,110.0,65.03,0
20,228,2023-11-22,2023-11-24,In-Store,Sports,2,25.0,0.0,50.0,14.64,0
21,229,2023-01-30,2023-02-02,In-Store,Clothing,4,75.0,0.0,300.0,123.91,0
22,220,2023-10-02,2023-10-04,In-Store,Home,3,120.0,0.0,360.0,152.14,1
23,218,2023-07-09,2023-07-12,Online,Clothing,3,50.0,0.1,135.0,52.56,0
24,213,2023-09-26,2023-09-30,Online,Home,3,35.0,0.15,89.25,34.11,0
25,205,2023-06-09,2023-06-13,In-Store,Home,5,90.0,0.0,450.0,123.53,0
26,218,2023-01-30,2023-02-03,Online,Clothing,5,75.0,0.0,375.0,155.61,0
27,209,2023-04-03,2023-04-08,In-Store,Electronics,5,149.0,0.0,745.0,107.24,0
28,229,2023-12-06,2023-12-09,Online,Electronics,2,249.0,0.0,498.0,101.72,0
29,204,2024-05-30,2024-06-03,Online,Beauty,1,40.0,0.1,36.0,15.05,1
30,223,2023-11-13,2023-11-23,Online,Electronics,5,599.0,0.05,2845.25,334.4,0
31,226,2023-01-13,2023-01-19,Online,Home,1,60.0,0.0,60.0,14.96,1
32,201,2023-10-07,2023-10-09,Online,Beauty,5,18.0,0.15,76.5,41.28,1
33,215,2024-04-25,2024-05-09,Online,Beauty,5,55.0,0.0,275.0,158.9,0
34,232,2023-10-11,2023-10-13,In-Store,Clothing,5,35.0,0.0,175.0,68.87,0
35,205,2023-07-31,2023-08-01,Online,Electronics,2,249.0,0.05,473.1,89.2,0
36,215,2024-05-04,2024-05-09,Online,Sports,5,110.0,0.0,550.0,138.83,0
37,224,2024-03-30,2024-04-05,Online,Sports,2,25.0,0.05,47.5,6.66,0
38,205,2024-08-11,2024-08-16,In-Store,Electronics,2,99.0,0.0,198.0,43.2,1
39,214,2023-09-28,2023-09-29,Online,Sports,3,25.0,0.0,75.0,24.87,0
40,201,2024-10-26,2024-10-31,In-Store,Electronics,3,99.0,0.0,297.0,25.6,1
41,226,2023-04-01,2023-04-02,In-Store,Home,2,20.0,0.0,40.0,7.83,0
42,226,2023-01-09,2023-01-12,Online,Home,4,90.0,0.0,360.0,94.0,0
43,207,2024-02-06,2024-02-11,In-Store,Home,5,20.0,0.0,100.0,32.3,0
44,232,2024-05-23,2024-05-28,In-Store,Beauty,1,40.0,0.05,38.0,22.71,0
45,208,2024-01-23,2024-01-28,In-Store,Electronics,4,399.0,0.0,1596.0,319.56,0
46,223,2024-05-07,2024-05-12,In-Store,Electronics,2,399.0,0.0,798.0,219.88,0
47,219,2023-11-27,2023-12-04,Online,Electronics,1,249.0,0.05,236.55,42.65,0
48,213,2023-10-14,2023-10-18,Online,Home,1,120.0,0.0,120.0,27.16,0
49,221,2023-02-14,2023-02-19,Online,Beauty,5,10.0,0.15,42.5,21.76,0
50,220,2024-06-09,2024-06-13,Online,Electronics,2,249.0,0.0,498.0,74.73,0
51,206,2024-09-17,2024-09-18,Online,Sports,4,25.0,0.0,100.0,22.47,1
52,218,2024-02-15,2024-02-17,In-Store,Clothing,5,50.0,0.0,250.0,114.73,1
53,228,2023-08-24,2023-08-29,Online,Electronics,3,399.0,0.0,1197.0,251.77,0
54,222,2023-11-03,2023-11-08,In-Store,Electronics,5,599.0,0.0,2995.0,390.57,0
55,215,2023-06-02,2023-06-07,Online,Beauty,4,18.0,0.2,57.6,31.35,0
56,224,2024-06-14,2024-06-19,Online,Home,3,60.0,0.0,180.0,60.09,0
57,233,2023-11-14,2023-11-16,In-Store,Home,4,120.0,0.0,480.0,160.61,0
58,204,2023-01-27,2023-01-30,Online,Clothing,2,75.0,0.15,127.5,60.29,0
59,213,2023-12-29,2024-01-05,Online,Electronics,1,249.0,0.1,224.1,49.44,0
60,216,2024-12-23,2024-12-28,Online,Sports,3,220.0,0.05,627.0,194.14,0
61,228,2023-06-16,2023-06-18,In-Store,Clothing,2,75.0,0.0,150.0,67.37,0
62,220,2023-10-01,2023-10-06,Online,Beauty,3,40.0,0.05,114.0,62.01,0
63,210,2023-07-06,2023-07-11,In-Store,Electronics,5,199.0,0.0,995.0,152.73,1
64,206,2024-04-24,2024-04-26,Online,Sports,5,160.0,0.1,720.0,253.77,1
65,231,2024-09-02,2024-09-08,Online,Electronics,5,399.0,0.1,1795.5,312.85,0
66,215,2024-09-25,2024-10-01,In-Store,Electronics,3,399.0,0.0,1197.0,270.73,1
67,207,2024-01-07,2024-01-17,In-Store,Beauty,5,25.0,0.1,112.5,73.01,0
68,206,2023-12-31,2024-01-01,In-Store,Electronics,4,599.0,0.0,2396.0,505.71,0
69,203,2024-07-28,2024-07-31,In-Store,Electronics,1,399.0,0.0,399.0,106.42,0
70,200,2024-01-31,2024-02-05,In-Store,Sports,2,110.0,0.0,220.0,58.23,0
71,204,2024-09-07,2024-09-10,In-Store,Clothing,2,25.0,0.0,50.0,20.23,0
72,214,2024-02-10,2024-02-11,In-Store,Beauty,4,18.0,0.0,72.0,33.15,0
73,232,2024-12-19,2024-12-22,Online,Clothing,5,35.0,0.0,175.0,68.54,0
74,209,2023-11-28,2023-12-05,Online,Home,4,60.0,0.05,228.0,93.95,0
75,222,2024-01-09,2024-01-11,In-Store,Clothing,5,25.0,0.1,112.5,48.13,0
76,232,2024-10-10,2024-10-12,In-Store,Clothing,5,25.0,0.0,125.0,49.39,0
77,231,2023-11-30,2023-12-01,Online,Electronics,3,599.0,0.05,1707.15,229.78,0
78,210,2023-01-23,2023-01-28,In-Store,Sports,1,220.0,0.0,220.0,70.79,0
79,228,2023-11-02,2023-11-09,In-Store,Sports,3,45.0,0.0,135.0,39.58,0
80,229,2024-01-02,2024-01-04,In-Store,Clothing,4,50.0,0.0,200.0,76.7,1
81,216,2024-01-27,2024-02-01,Online,Electronics,1,149.0,0.0,149.0,37.47,0
82,233,2024-05-19,2024-05-25,Online,Clothing,5,25.0,0.15,106.25,38.15,0
83,227,2024-07-14,2024-07-17,Online,Clothing,5,35.0,0.05,166.25,63.36,0
84,202,2024-01-13,2024-01-16,In-Store,Beauty,4,18.0,0.0,72.0,37.78,0
85,226,2024-06-12,2024-06-14,Online,Sports,1,70.0,0.0,70.0,19.13,0
86,227,2023-10-28,2023-10-31,In-Store,Clothing,2,15.0,0.05,28.5,11.91,0
87,222,2024-10-05,2024-10-10,In-Store,Clothing,3,50.0,0.1,135.0,63.99,0
88,224,2024-12-03,2024-12-09,In-Store,Clothing,2,35.0,0.0,70.0,27.79,0
89,212,2023-01-17,2023-01-20,Online,Electronics,5,249.0,0.05,1182.75,239.46,0
90,227,2023-05-02,2023-05-03,In-Store,Clothing,1,25.0,0.1,22.5,11.9,1
91,203,2023-10-24,2023-10-25,In-Store,Beauty,3,40.0,0.0,120.0,56.69,0
92,211,2023-11-04,2023-11-07,Online,Electronics,4,199.0,0.1,716.4,151.89,0
93,207,2023-11-25,2023-12-02,Online,Home,3,35.0,0.1,94.5,29.77,0
94,212,2024-07-12,2024-07-17,Online,Clothing,2,25.0,0.25,37.5,16.99,0
95,228,2024-04-03,2024-04-07,In-Store,Beauty,3,18.0,0.05,51.3,33.31,0
96,221,2024-05-06,2024-05-08,In-Store,Home,5,20.0,0.0,100.0,27.08,0
97,218,2023-06-04,2023-06-07,In-Store,Clothing,3,25.0,0.05,71.25,26.95,0
98,206,2023-02-28,2023-03-02,Online,Beauty,2,18.0,0.05,34.2,18.01,0
99,213,2023-05-23,2023-05-27,Online,Clothing,1,50.0,0.05,47.5,23.06,0
100,229,2024-07-15,2024-07-18,In-Store,Home,1,20.0,0.0,20.0,6.8,0
101,226,2023-01-04,2023-01-09,In-Store,Home,2,120.0,0.0,240.0,82.4,0
102,232,2024-05-08,2024-05-10,In-Store,Beauty,4,10.0,0.05,38.0,20.92,0
103,201,2024-03-03,2024-03-08,Online,Clothing,1,50.0,0.0,50.0,25.61,0
104,228,2023-05-30,2023-06-06,Online,Clothing,5,35.0,0.2,140.0,62.84,0
105,230,2023-12-30,2024-01-01,Online,Home,2,120.0,0.0,240.0,71.18,0
106,207,2023-06-30,2023-07-06,In-Store,Clothing,4,15.0,0.05,57.0,29.01,0
107,225,2024-08-12,2024-08-18,Online,Beauty,2,25.0,0.1,45.0,27.0,0
108,207,2024-10-21,2024-10-23,In-Store,Home,1,90.0,0.0,90.0,15.99,0
109,206,2023-02-14,2023-02-18,Online,Clothing,2,35.0,0.0,70.0,34.72,0
110,207,2024-08-27,2024-08-28,Online,Electronics,1,199.0,0.15,169.15,48.39,0
111,208,2023-11-03,2023-11-08,In-Store,Beauty,5,25.0,0.0,125.0,66.0,0
112,201,2024-05-25,2024-05-30,Online,Home,3,180.0,0.1,486.0,169.28,0
113,210,2023-12-19,2023-12-20,In-Store,Home,1,20.0,0.0,20.0,7.49,0
114,212,2024-03-13,2024-03-14,In-Store,Home,5,20.0,0.0,100.0,24.89,1
115,221,2023-05-06,2023-05-09,In-Store,Sports,5,25.0,0.0,125.0,32.14,0
116,234,2023-10-01,2023-10-05,Online,Home,5,180.0,0.05,855.0,206.98,0
117,223,2024-08-06,2024-08-11,In-Store,Beauty,1,25.0,0.1,22.5,11.67,1
118,202,2023-02-21,2023-02-25,Online,Clothing,1,15.0,0.0,15.0,5.88,0
119,203,2024-05-14,2024-05-16,Online,Home,2,20.0,0.0,40.0,10.67,0
120,203,2024-01-17,2024-01-19,In-Store,Electronics,3,199.0,0.0,597.0,118.73,0
121,223,2023-10-14,2023-10-15,Online,Home,4,90.0,0.0,360.0,111.45,0
122,232,2024-06-16,2024-06-20,In-Store,Beauty,1,18.0,0.05,17.1,9.48,0
123,232,2023-01-13,2023-01-19,Online,Clothing,1,35.0,0.1,31.5,16.74,0
124,220,2024-12-22,2024-12-23,In-Store,Electronics,3,199.0,0.0,597.0,126.79,0
125,224,2023-07-21,2023-07-23,Online,Beauty,5,40.0,0.05,190.0,119.19,0
126,233,2023-06-08,2023-06-11,In-Store,Clothing,3,25.0,0.05,71.25,24.43,0
127,234,2023-08-29,2023-09-02,Online,Electronics,2,599.0,0.05,1138.1,267.8,0
128,201,2024-06-27,2024-06-30,In-Store,Home,2,35.0,0.0,70.0,26.36,0
129,209,2024-08-01,2024-08-02,Online,Beauty,1,18.0,0.15,15.3,8.97,0
130,227,2024-06-11,2024-06-13,Online,Sports,1,25.0,0.0,25.0,5.41,0
131,229,2023-12-15,2023-12-18,Online,Electronics,3,149.0,0.1,402.3,36.37,0
132,228,2023-12-11,2023-12-13,In-Store,Sports,3,220.0,0.0,660.0,128.79,0
133,203,2023-05-29,2023-05-31,In-Store,Clothing,4,15.0,0.1,54.0,22.86,0
134,215,2024-09-27,2024-09-30,In-Store,Home,3,90.0,0.0,270.0,55.7,0
135,212,2023-05-28,2023-06-01,Online,Electronics,1,149.0,0.15,126.65,23.91,0
136,233,2023-02-13,2023-02-18,Online,Home,5,90.0,0.15,382.5,117.92,0
137,222,2024-10-05,2024-10-08,In-Store,Sports,1,220.0,0.0,220.0,57.26,0
138,227,2024-07-15,2024-07-16,In-Store,Electronics,4,399.0,0.0,1596.0,386.69,0
139,228,2023-01-16,2023-01-20,Online,Beauty,1,10.0,0.1,9.0,4.43,0
140,203,2024-08-08,2024-08-14,In-Store,Clothing,2,15.0,0.05,28.5,16.29,0
141,220,2023-11-17,2023-11-24,Online,Beauty,5,18.0,0.05,85.5,44.02,0
142,220,2024-11-12,2024-11-16,Online,Electronics,4,249.0,0.0,996.0,145.55,0
143,230,2023-04-07,2023-04-13,In-Store,Beauty,4,40.0,0.1,144.0,75.88,0
144,222,2024-01-17,2024-01-19,Online,Beauty,1,18.0,0.1,16.2,8.35,0
145,233,2023-03-07,2023-03-10,Online,Home,1,35.0,0.05,33.25,10.94,0
146,200,2024-05-23,2024-05-28,Online,Electronics,3,99.0,0.0,297.0,56.84,0
147,232,2024-04-26,2024-04-30,Online,Electronics,3,399.0,0.0,1197.0,108.08,0
148,218,2024-03-04,2024-03-09,Online,Electronics,3,99.0,0.0,297.0,36.55,0
149,201,2023-07-03,2023-07-10,Online,Electronics,1,199.0,0.1,179.1,27.38,0
150,215,2024-05-07,2024-05-12,Online,Clothing,3,25.0,0.05,71.25,34.9,0
151,211,2024-10-18,2024-10-23,Online,Electronics,2,199.0,0.15,338.3,42.86,1
152,220,2024-07-20,2024-07-21,In-Store,Home,1,120.0,0.0,120.0,32.43,1
153,206,2023-06-20,2023-06-24,In-Store,Home,5,35.0,0.0,175.0,53.03,0
154,203,2024-10-28,2024-10-30,Online,Electronics,5,149.0,0.1,670.5,165.45,0
155,219,2024-08-25,2024-08-26,In-Store,Electronics,2,99.0,0.0,198.0,48.4,0
156,203,2024-10-30,2024-10-31,Online,Home,4,20.0,0.05,76.0,18.49,0
157,213,2024-08-20,2024-08-22,Online,Clothing,4,50.0,0.1,180.0,87.81,0
158,229,2024-03-07,2024-03-10,In-Store,Sports,3,110.0,0.0,330.0,87.1,1
159,234,2023-04-28,2023-05-01,Online,Clothing,5,15.0,0.05,71.25,30.36,0
160,221,2024-09-05,2024-09-07,In-Store,Beauty,3,18.0,0.0,54.0,27.94,0
161,219,2024-05-05,2024-05-11,Online,Beauty,4,10.0,0.2,32.0,18.23,0
162,209,2024-09-25,2024-09-28,Online,Sports,2,70.0,0.0,140.0,34.81,0
163,226,2023-10-02,2023-10-09,In-Store,Clothing,3,25.0,0.0,75.0,29.41,0
164,200,2024-10-23,2024-10-26,Online,Home,5,120.0,0.0,600.0,172.27,0
165,223,2024-08-13,2024-08-15,Online,Electronics,1,399.0,0.0,399.0,105.16,0
166,208,2024-01-31,2024-02-04,Online,Electronics,5,149.0,0.0,745.0,162.88,0
167,232,2024-11-28,2024-12-03,In-Store,Beauty,3,10.0,0.0,30.0,14.9,1
168,201,2024-03-13,2024-03-17,Online,Clothing,3,25.0,0.1,67.5,32.42,0
169,216,2023-09-10,2023-09-14,Online,Sports,5,25.0,0.1,112.5,34.53,0
170,204,2023-09-29,2023-10-01,In-Store,Clothing,3,50.0,0.05,142.5,68.99,0
171,220,2023-02-06,2023-02-10,Online,Electronics,5,249.0,0.05,1182.75,166.25,0
172,208,2024-01-01,2024-01-07,In-Store,Clothing,2,35.0,0.05,66.5,35.03,0
173,226,2024-10-09,2024-10-13,Online,Beauty,3,40.0,0.1,108.0,54.29,0
174,209,2023-11-11,2023-11-18,Online,Beauty,1,55.0,0.0,55.0,34.04,0
175,208,2023-12-19,2023-12-21,Online,Electronics,5,249.0,0.0,1245.0,235.7,0
176,210,2024-11-18,2024-11-24,In-Store,Clothing,1,35.0,0.0,35.0,13.12,0
177,201,2024-07-02,2024-07-07,Online,Sports,5,70.0,0.1,315.0,85.5,0
178,221,2024-03-31,2024-04-02,Online,Clothing,3,25.0,0.1,67.5,31.21,0
179,208,2024-03-23,2024-03-28,Online,Home,3,180.0,0.0,540.0,183.19,0
180,211,2023-08-14,2023-08-21,In-Store,Clothing,4,25.0,0.1,90.0,34.21,0
181,210,2024-11-12,2024-11-17,Online,Electronics,5,199.0,0.0,995.0,203.39,0
182,223,2024-08-03,2024-08-08,In-Store,Sports,3,220.0,0.0,660.0,200.79,0
183,202,2023-10-25,2023-10-28,Online,Sports,4,25.0,0.0,100.0,23.93,0
184,221,2023-03-21,2023-03-24,In-Store,Electronics,1,149.0,0.0,149.0,16.24,0
185,227,2024-06-13,2024-06-15,Online,Beauty,5,40.0,0.05,190.0,106.54,0
186,212,2024-10-01,2024-10-08,In-Store,Electronics,2,399.0,0.0,798.0,108.66,1
187,214,2024-04-17,2024-04-22,In-Store,Clothing,1,25.0,0.0,25.0,12.73,0
188,227,2023-09-17,2023-09-22,In-Store,Clothing,5,25.0,0.0,125.0,50.36,0
189,201,2024-11-10,2024-11-14,In-Store,Sports,3,220.0,0.0,660.0,157.37,0
190,233,2024-02-08,2024-02-10,Online,Clothing,2,75.0,0.05,142.5,65.09,0
191,226,2024-06-19,2024-06-24,Online,Sports,1,70.0,0.15,59.5,11.97,0
192,215,2023-11-18,2023-11-20,In-Store,Clothing,1,75.0,0.0,75.0,30.77,0
193,229,2023-04-06,2023-04-11,In-Store,Sports,3,110.0,0.0,330.0,89.28,0
194,230,2024-01-15,2024-01-18,In-Store,Sports,5,220.0,0.0,1100.0,299.44,0
195,229,2024-05-22,2024-05-26,In-Store,Sports,1,220.0,0.0,220.0,55.89,0
196,213,2023-06-28,2023-06-29,In-Store,Clothing,2,50.0,0.0,100.0,45.83,0
197,221,2023-06-05,2023-06-09,In-Store,Home,4,35.0,0.0,140.0,32.67,0
198,229,2024-05-23,2024-05-26,Online,Beauty,4,25.0,0.25,75.0,41.75,0
199,201,2023-08-19,2023-08-22,Online,Electronics,5,249.0,0.0,1245.0,257.46,0
200,222,2023-06-16,2023-06-21,Online,Beauty,1,55.0,0.1,49.5,32.82,0
201,208,2024-03-03,2024-03-05,In-Store,Electronics,2,199.0,0.0,398.0,81.68,0
202,201,2024-11-01,2024-11-06,In-Store,Beauty,5,55.0,0.0,275.0,119.59,0
203,211,2023-08-01,2023-08-04,Online,Sports,2,220.0,0.15,374.0,139.62,1
204,217,2024-04-03,2024-04-07,Online,Sports,5,70.0,0.05,332.5,93.78,0
205,206,2023-10-07,2023-10-13,Online,Beauty,1,55.0,0.1,49.5,24.44,0
206,213,2023-02-07,2023-02-13,Online,Clothing,1,25.0,0.0,25.0,11.34,0
207,217,2024-11-26,2024-12-01,Online,Electronics,3,399.0,0.0,1197.0,71.97,0
208,220,2024-04-19,2024-04-26,In-Store,Clothing,1,75.0,0.0,75.0,35.12,0
209,220,2023-05-05,2023-05-08,In-Store,Beauty,5,18.0,0.05,85.5,47.88,0
210,225,2023-03-11,2023-03-12,In-Store,Clothing,4,35.0,0.0,140.0,63.8,1
211,214,2023-04-21,2023-04-24,In-Store,Electronics,4,99.0,0.0,396.0,82.29,0
212,231,2024-08-11,2024-08-18,Online,Electronics,5,99.0,0.05,470.25,43.28,0
213,202,2023-12-06,2023-12-10,Online,Home,5,35.0,0.05,166.25,56.62,0
214,222,2024-07-01,2024-07-04,In-Store,Clothing,1,15.0,0.0,15.0,6.22,0
215,208,2023-05-10,2023-05-12,In-Store,Electronics,3,399.0,0.0,1197.0,225.63,0
216,234,2023-10-29,2023-11-02,Online,Home,3,120.0,0.05,342.0,105.2,0
217,210,2023-12-07,2023-12-09,In-Store,Clothing,5,35.0,0.0,175.0,86.65,0
218,208,2023-02-16,2023-02-18,Online,Home,2,90.0,0.05,171.0,42.25,0
219,227,2023-12-23,2023-12-26,Online,Home,4,35.0,0.0,140.0,49.51,0
220,200,2023-03-31,2023-04-02,Online,Home,3,90.0,0.1,243.0,59.38,0
221,234,2024-01-24,2024-01-29,In-Store,Clothing,1,75.0,0.0,75.0,32.29,0
222,220,2024-08-02,2024-08-09,In-Store,Home,5,90.0,0.0,450.0,101.6,0
223,216,2023-09-07,2023-09-10,Online,Home,2,90.0,0.1,162.0,51.19,0
224,213,2024-08-04,2024-08-08,Online,Sports,5,160.0,0.1,720.0,157.42,0
225,218,2024-03-03,2024-03-05,Online,Electronics,5,149.0,0.05,707.75,132.93,0
226,226,2024-02-01,2024-02-04,Online,Home,3,90.0,0.1,243.0,63.08,0
227,224,2023-03-31,2023-04-04,In-Store,Clothing,1,75.0,0.05,71.25,35.7,0
228,221,2024-09-18,2024-09-20,In-Store,Electronics,3,149.0,0.0,447.0,67.78,0
229,226,2024-10-09,2024-10-13,In-Store,Clothing,1,25.0,0.0,25.0,11.74,0
230,205,2024-12-07,2024-12-10,In-Store,Sports,3,110.0,0.0,330.0,80.1,1
231,230,2024-08-08,2024-08-12,In-Store,Sports,1,220.0,0.0,220.0,55.84,0
232,231,2024-02-04,2024-02-11,In-Store,Electronics,2,149.0,0.0,298.0,65.63,0
233,215,2023-10-22,2023-10-25,In-Store,Electronics,4,599.0,0.0,2396.0,378.44,1
234,213,2024-12-28,2025-01-02,Online,Electronics,2,199.0,0.05,378.1,66.86,0
235,218,2024-05-10,2024-05-14,Online,Sports,2,160.0,0.05,304.0,101.93,0
236,218,2023-12-06,2023-12-09,Online,Sports,2,25.0,0.0,50.0,13.68,0
237,220,2023-09-10,2023-09-12,Online,Home,1,180.0,0.1,162.0,44.65,0
238,224,2023-08-09,2023-08-15,Online,Clothing,5,15.0,0.05,71.25,34.55,0
239,214,2023-06-16,2023-06-22,In-Store,Sports,3,45.0,0.0,135.0,48.42,0
240,205,2024-01-06,2024-01-09,In-Store,Electronics,2,199.0,0.0,398.0,75.02,0
241,229,2024-04-13,2024-04-16,Online,Beauty,4,18.0,0.05,68.4,37.85,0
242,232,2023-11-07,2023-11-09,Online,Clothing,5,75.0,0.1,337.5,151.78,0
243,232,2023-10-22,2023-10-24,In-Store,Home,5,20.0,0.0,100.0,27.11,0
244,222,2024-09-26,2024-10-01,Online,Home,4,120.0,0.1,432.0,112.36,0
245,215,2023-02-11,2023-02-12,Online,Electronics,5,249.0,0.1,1120.5,109.29,0
246,222,2024-02-26,2024-02-29,Online,Home,5,90.0,0.0,450.0,99.09,0
247,206,2023-12-14,2023-12-20,Online,Clothing,1,25.0,0.05,23.75,10.02,0
248,205,2023-05-11,2023-05-12,Online,Clothing,1,50.0,0.05,47.5,23.79,0
249,216,2023-07-22,2023-07-27,Online,Electronics,4,99.0,0.1,356.4,61.11,0
250,206,2024-10-24,2024-10-31,In-Store,Electronics,5,149.0,0.0,745.0,75.89,0
251,219,2024-03-07,2024-03-12,Online,Clothing,4,25.0,0.05,95.0,36.9,0
252,202,2024-10-17,2024-10-20,In-Store,Clothing,1,15.0,0.1,13.5,6.43,1
253,229,2023-03-13,2023-03-16,In-Store,Electronics,3,399.0,0.0,1197.0,184.83,1
254,213,2023-09-18,2023-09-22,In-Store,Clothing,1,15.0,0.0,15.0,6.36,0
255,228,2023-06-21,2023-06-27,In-Store,Sports,3,45.0,0.0,135.0,46.34,0
256,223,2024-01-13,2024-01-18,In-Store,Clothing,4,75.0,0.1,270.0,111.97,0
257,225,2023-11-22,2023-11-23,Online,Home,1,35.0,0.05,33.25,9.67,0
258,205,2023-01-16,2023-01-23,Online,Sports,4,70.0,0.1,252.0,92.86,1
259,223,2024-08-04,2024-08-07,In-Store,Sports,3,70.0,0.0,210.0,57.36,0
260,231,2023-06-16,2023-06-22,In-Store,Beauty,5,10.0,0.0,50.0,27.12,0
261,232,2024-09-26,2024-10-01,In-Store,Sports,4,70.0,0.0,280.0,106.06,0
262,222,2023-06-02,2023-06-09,Online,Home,1,60.0,0.0,60.0,20.03,0
263,215,2023-07-21,2023-08-04,In-Store,Beauty,4,18.0,0.0,72.0,35.42,0
264,220,2024-07-18,2024-07-21,Online,Home,1,60.0,0.15,51.0,14.79,0
265,224,2024-05-27,2024-05-28,In-Store,Clothing,2,50.0,0.0,100.0,45.41,0
266,221,2023-04-11,2023-04-17,Online,Clothing,2,75.0,0.2,120.0,52.81,0
267,215,2024-09-08,2024-09-12,Online,Clothing,5,75.0,0.05,356.25,190.8,1
268,211,2024-11-22,2024-11-27,Online,Clothing,3,25.0,0.15,63.75,26.53,0
269,221,2023-01-07,2023-01-10,In-Store,Beauty,4,10.0,0.0,40.0,21.29,0
270,219,2023-04-05,2023-04-11,In-Store,Electronics,2,199.0,0.0,398.0,76.3,0
271,225,2024-11-06,2024-11-09,In-Store,Electronics,3,249.0,0.0,747.0,115.84,0
272,224,2023-02-15,2023-02-21,Online,Electronics,2,249.0,0.0,498.0,78.99,0
273,205,2024-05-19,2024-05-23,Online,Electronics,1,599.0,0.15,509.15,86.56,0
274,212,2024-08-13,2024-08-15,In-Store,Clothing,5,75.0,0.05,356.25,137.86,0
275,208,2023-04-02,2023-04-06,In-Store,Beauty,5,40.0,0.05,190.0,118.27,0
276,214,2024-07-14,2024-07-15,Online,Electronics,4,399.0,0.0,1596.0,325.03,0
277,211,2024-06-05,2024-06-08,Online,Clothing,5,75.0,0.1,337.5,174.03,0
278,223,2023-04-30,2023-05-06,In-Store,Electronics,1,599.0,0.0,599.0,114.64,0
279,223,2024-05-02,2024-05-09,Online,Home,4,20.0,0.0,80.0,25.25,0
280,219,2024-04-13,2024-04-17,Online,Beauty,1,10.0,0.0,10.0,4.81,0
281,216,2024-06-21,2024-06-23,In-Store,Home,4,90.0,0.0,360.0,95.39,0
282,229,2024-05-07,2024-05-10,In-Store,Beauty,3,18.0,0.1,48.6,28.07,0
283,216,2024-03-02,2024-03-07,Online,Electronics,5,399.0,0.1,1795.5,390.07,0
284,234,2024-11-27,2024-12-02,Online,Sports,1,45.0,0.15,38.25,11.86,0
285,232,2023-03-25,2023-03-27,In-Store,Clothing,2,35.0,0.0,70.0,33.63,0
286,201,2023-08-03,2023-08-06,Online,Electronics,2,249.0,0.0,498.0,131.77,0
287,208,2024-06-26,2024-07-01,Online,Beauty,1,55.0,0.0,55.0,27.32,0
288,225,2023-09-13,2023-09-14,Online,Clothing,1,25.0,0.15,21.25,8.57,0
289,223,2024-05-15,2024-05-16,Online,Clothing,1,75.0,0.1,67.5,31.53,0
290,213,2024-10-24,2024-10-29,Online,Home,3,20.0,0.05,57.0,19.4,0
291,210,2024-07-07,2024-07-12,Online,Sports,5,70.0,0.05,332.5,104.93,0
292,220,2024-11-11,2024-11-12,In-Store,Beauty,4,40.0,0.1,144.0,82.9,0
293,208,2024-03-10,2024-03-16,Online,Electronics,5,399.0,0.0,1995.0,330.19,0
294,222,2023-12-25,2023-12-28,In-Store,Home,1,90.0,0.0,90.0,31.29,0
295,207,2023-01-21,2023-01-26,In-Store,Sports,3,70.0,0.0,210.0,50.83,0
296,211,2024-10-14,2024-10-19,Online,Home,1,20.0,0.15,17.0,4.6,0
297,206,2023-08-03,2023-08-09,Online,Home,5,90.0,0.05,427.5,115.78,0
298,202,2023-09-10,2023-09-17,In-Store,Clothing,4,75.0,0.05,285.0,127.55,0
299,225,2023-10-05,2023-10-09,Online,Sports,2,160.0,0.1,288.0,73.57,0
300,228,2024-02-29,2024-03-03,Online,Home,5,35.0,0.15,148.75,44.54,0
301,216,2024-05-11,2024-05-14,Online,Electronics,5,399.0,0.1,1795.5,401.7,0
302,226,2023-08-30,2023-09-04,Online,Beauty,5,55.0,0.1,247.5,127.63,0
303,214,2023-08-21,2023-08-22,In-Store,Clothing,5,50.0,0.05,237.5,100.82,0
304,226,2024-01-03,2024-01-04,Online,Clothing,3,25.0,0.05,71.25,33.04,0
305,232,2023-09-15,2023-09-20,In-Store,Beauty,5,55.0,0.0,275.0,154.94,0
306,217,2024-06-07,2024-06-10,In-Store,Beauty,1,25.0,0.05,23.75,10.54,0
307,202,2024-05-28,2024-06-02,Online,Beauty,2,18.0,0.05,34.2,16.77,0
308,207,2024-11-18,2024-11-21,Online,Beauty,1,18.0,0.0,18.0,10.84,0
309,205,2023-10-09,2023-10-12,Online,Sports,5,220.0,0.1,990.0,180.44,0
310,225,2023-04-19,2023-04-26,Online,Beauty,2,10.0,0.1,18.0,9.23,0
311,203,2023-03-17,2023-03-21,In-Store,Clothing,3,25.0,0.0,75.0,41.9,0
312,214,2023-10-02,2023-10-08,Online,Beauty,3,55.0,0.05,156.75,80.95,0
313,213,2024-11-11,2024-11-14,In-Store,Beauty,2,55.0,0.05,104.5,67.71,0
314,202,2024-08-16,2024-08-17,Online,Home,5,20.0,0.1,90.0,30.92,0
315,207,2024-09-25,2024-09-27,In-Store,Clothing,1,35.0,0.05,33.25,17.29,0
316,213,2024-11-14,2024-11-18,Online,Sports,2,220.0,0.05,418.0,127.94,0
317,213,2024-07-09,2024-07-16,Online,Home,2,60.0,0.1,108.0,39.74,0
318,226,2023-12-28,2023-12-31,In-Store,Home,4,180.0,0.0,720.0,205.49,0
319,208,2024-10-21,2024-10-24,In-Store,Beauty,5,18.0,0.05,85.5,38.88,0
320,205,2024-05-26,2024-05-27,Online,Beauty,4,40.0,0.15,136.0,68.4,0
321,201,2023-11-28,2023-12-03,In-Store,Electronics,5,99.0,0.0,495.0,99.58,0
322,201,2023-02-08,2023-02-09,Online,Electronics,3,99.0,0.05,282.15,49.12,0
323,221,2023-07-13,2023-07-23,Online,Clothing,5,35.0,0.1,157.5,78.06,1
324,218,2023-05-09,2023-05-10,Online,Electronics,1,399.0,0.15,339.15,66.6,0
325,212,2024-02-22,2024-02-27,In-Store,Clothing,4,35.0,0.05,133.0,61.75,0
326,225,2024-12-15,2024-12-18,In-Store,Home,3,90.0,0.0,270.0,78.98,0
327,207,2023-09-16,2023-09-22,In-Store,Clothing,4,50.0,0.1,180.0,91.62,0
328,213,2024-03-31,2024-04-06,In-Store,Home,1,90.0,0.0,90.0,27.43,0
329,222,2023-05-18,2023-05-19,In-Store,Clothing,4,35.0,0.0,140.0,67.17,0
330,232,2024-12-04,2024-12-06,In-Store,Sports,3,110.0,0.0,330.0,101.01,0
331,206,2024-09-22,2024-09-29,In-Store,Electronics,3,199.0,0.0,597.0,126.25,0
332,213,2024-11-20,2024-11-24,Online,Clothing,1,35.0,0.05,33.25,14.57,0
333,213,2024-03-31,2024-04-05,Online,Clothing,3,15.0,0.0,45.0,20.47,0
334,232,2024-07-10,2024-07-15,Online,Sports,4,110.0,0.0,440.0,140.2,0
335,220,2023-03-20,2023-03-27,In-Store,Clothing,5,25.0,0.05,118.75,44.01,0
336,231,2023-12-05,2023-12-08,In-Store,Home,2,90.0,0.0,180.0,60.66,0
337,207,2023-03-31,2023-04-01,Online,Beauty,3,10.0,0.0,30.0,15.34,0
338,205,2024-01-28,2024-01-29,Online,Sports,4,110.0,0.15,374.0,104.04,0
339,233,2024-02-18,2024-02-23,In-Store,Beauty,3,55.0,0.05,156.75,88.2,0
340,210,2024-09-26,2024-10-01,In-Store,Electronics,2,199.0,0.0,398.0,73.03,0
341,209,2023-01-05,2023-01-09,In-Store,Electronics,1,599.0,0.0,599.0,131.13,0
342,228,2024-05-18,2024-05-23,In-Store,Sports,4,45.0,0.0,180.0,51.1,0
343,229,2023-06-28,2023-06-30,In-Store,Sports,2,220.0,0.0,440.0,109.38,0
344,219,2023-08-31,2023-09-02,Online,Clothing,5,25.0,0.05,118.75,58.42,0
345,221,2023-09-20,2023-09-24,In-Store,Sports,5,70.0,0.0,350.0,117.23,0
346,211,2024-01-16,2024-01-19,Online,Clothing,5,35.0,0.0,175.0,84.46,0
347,202,2023-01-23,2023-01-28,In-Store,Electronics,3,249.0,0.0,747.0,151.44,0
348,234,2024-02-23,2024-02-24,In-Store,Beauty,4,40.0,0.1,144.0,83.33,0
349,217,2024-05-08,2024-05-09,Online,Sports,3,220.0,0.0,660.0,182.12,0
350,233,2024-03-27,2024-04-02,In-Store,Beauty,4,10.0,0.0,40.0,21.18,0
351,225,2023-01-23,2023-01-29,Online,Home,5,90.0,0.1,405.0,104.32,1
352,226,2024-07-05,2024-07-06,Online,Clothing,1,75.0,0.1,67.5,18.6,0
353,216,2023-11-08,2023-11-11,Online,Electronics,2,149.0,0.05,283.1,33.27,0
354,217,2024-04-11,2024-04-18,Online,Clothing,2,35.0,0.05,66.5,30.48,1
355,222,2023-09-14,2023-09-20,Online,Beauty,5,40.0,0.1,180.0,78.79,0
356,210,2023-08-31,2023-09-02,Online,Home,1,90.0,0.05,85.5,23.52,0
357,232,2023-11-23,2023-11-29,Online,Electronics,4,99.0,0.05,376.2,61.59,0
358,223,2023-08-16,2023-08-21,In-Store,Home,2,120.0,0.0,240.0,72.84,1
359,200,2023-01-14,2023-01-17,Online,Home,5,35.0,0.0,175.0,58.27,0
360,221,2023-10-29,2023-10-31,Online,Beauty,2,25.0,0.15,42.5,22.35,0
361,204,2023-11-05,2023-11-07,Online,Electronics,3,199.0,0.1,537.3,58.5,0
362,232,2024-04-01,2024-04-05,Online,Clothing,4,50.0,0.15,170.0,72.91,0
363,228,2023-03-30,2023-04-01,Online,Clothing,2,35.0,0.15,59.5,22.68,0
364,217,2023-03-17,2023-03-20,Online,Home,5,120.0,0.05,570.0,163.39,0
365,214,2023-02-10,2023-02-12,Online,Electronics,3,199.0,0.05,567.15,103.2,0
366,220,2024-04-20,2024-04-24,In-Store,Beauty,1,40.0,0.1,36.0,22.9,0
367,228,2023-04-27,2023-04-29,In-Store,Electronics,5,149.0,0.0,745.0,127.02,1
368,208,2023-07-18,2023-07-22,In-Store,Home,4,20.0,0.0,80.0,20.04,0
369,220,2024-04-19,2024-04-21,In-Store,Clothing,3,50.0,0.05,142.5,61.7,1
370,215,2023-02-04,2023-02-06,In-Store,Electronics,2,599.0,0.0,1198.0,278.51,0
371,213,2023-02-21,2023-02-22,Online,Clothing,5,35.0,0.15,148.75,69.63,0
372,204,2023-06-29,2023-07-01,Online,Electronics,1,599.0,0.1,539.1,101.7,0
373,233,2024-05-20,2024-05-21,Online,Electronics,2,149.0,0.05,283.1,57.14,0
374,234,2024-09-27,2024-09-30,In-Store,Clothing,2,15.0,0.1,27.0,13.52,0
375,234,2023-01-15,2023-01-17,Online,Clothing,5,25.0,0.15,106.25,48.99,0
376,226,2024-07-03,2024-07-10,Online,Home,5,35.0,0.0,175.0,51.94,0
377,222,2024-10-19,2024-10-21,Online,Clothing,1,25.0,0.15,21.25,8.65,0
378,223,2024-05-10,2024-05-17,Online,Beauty,2,40.0,0.0,80.0,40.63,0
379,204,2023-05-28,2023-06-02,In-Store,Home,3,90.0,0.0,270.0,80.13,0
380,219,2023-12-07,2023-12-12,In-Store,Electronics,2,149.0,0.0,298.0,67.69,0
381,204,2023-05-11,2023-05-13,Online,Clothing,2,15.0,0.1,27.0,10.15,0
382,222,2024-06-14,2024-06-18,Online,Sports,4,25.0,0.1,90.0,31.23,0
383,233,2023-08-01,2023-08-08,In-Store,Sports,5,45.0,0.0,225.0,67.77,0
384,207,2023-06-23,2023-06-28,In-Store,Clothing,2,15.0,0.0,30.0,12.9,0
385,232,2023-05-04,2023-05-09,In-Store,Clothing,1,75.0,0.05,71.25,31.92,0
386,207,2023-08-19,2023-08-23,Online,Electronics,2,149.0,0.0,298.0,64.93,1
387,233,2023-09-12,2023-09-16,Online,Clothing,1,50.0,0.1,45.0,22.03,1
388,207,2024-12-06,2024-12-11,Online,Sports,1,110.0,0.05,104.5,30.03,0
389,232,2023-08-03,2023-08-04,Online,Clothing,1,75.0,0.2,60.0,28.15,0
390,233,2023-01-30,2023-02-01,Online,Home,4,35.0,0.05,133.0,37.71,0
391,215,2023-07-09,2023-07-14,In-Store,Clothing,1,25.0,0.0,25.0,9.4,0
392,206,2023-10-25,2023-10-31,In-Store,Clothing,5,75.0,0.05,356.25,149.68,0
393,201,2023-11-01,2023-11-06,Online,Clothing,5,25.0,0.05,118.75,47.89,0
394,219,2024-10-16,2024-10-20,Online,Home,5,120.0,0.0,600.0,159.29,0
395,227,2023-11-29,2023-12-01,Online,Clothing,4,75.0,0.1,270.0,111.34,0
396,212,2024-09-09,2024-09-11,In-Store,Sports,3,220.0,0.0,660.0,165.7,0
397,210,2023-08-30,2023-09-01,Online,Electronics,5,149.0,0.15,633.25,103.48,0
398,207,2023-08-14,2023-08-17,In-Store,Sports,4,45.0,0.0,180.0,36.53,0
399,217,2024-04-14,2024-04-17,In-Store,Home,4,180.0,0.0,720.0,228.15,0
400,233,2023-04-16,2023-04-21,Online,Beauty,2,18.0,0.1,32.4,14.99,0
401,205,2024-03-12,2024-03-13,Online,Clothing,2,35.0,0.1,63.0,26.0,0
402,223,2023-09-12,2023-09-14,Online,Beauty,4,55.0,0.1,198.0,105.34,0
403,225,2024-02-20,2024-02-24,In-Store,Home,2,35.0,0.0,70.0,23.85,1
404,227,2023-02-28,2023-03-02,In-Store,Electronics,4,149.0,0.0,596.0,88.12,0
405,229,2023-09-18,2023-09-23,In-Store,Beauty,3,55.0,0.05,156.75,82.16,0
406,232,2023-07-11,2023-07-13,In-Store,Clothing,4,75.0,0.0,300.0,125.02,0
407,215,2023-07-28,2023-07-30,Online,Clothing,4,35.0,0.15,119.0,42.69,1
408,206,2024-01-03,2024-01-06,Online,Sports,4,220.0,0.05,836.0,320.63,0
409,208,2023-05-24,2023-05-25,Online,Sports,3,25.0,0.0,75.0,19.1,0
410,223,2023-08-07,2023-08-10,In-Store,Clothing,4,35.0,0.1,126.0,56.17,0
411,234,2023-04-10,2023-04-13,Online,Clothing,4,15.0,0.05,57.0,23.89,0
412,232,2023-07-21,2023-07-22,Online,Home,4,35.0,0.05,133.0,46.32,0
413,203,2024-12-24,2024-12-25,In-Store,Electronics,3,599.0,0.0,1797.0,204.35,1
414,230,2023-10-31,2023-11-05,In-Store,Clothing,1,75.0,0.05,71.25,27.7,0
415,210,2023-12-24,2023-12-25,In-Store,Home,2,35.0,0.0,70.0,21.26,0
416,201,2023-08-31,2023-09-02,In-Store,Clothing,3,50.0,0.0,150.0,52.87,0
417,209,2024-09-22,2024-09-26,Online,Home,2,35.0,0.0,70.0,19.21,0
418,208,2024-12-27,2024-12-30,In-Store,Sports,4,220.0,0.0,880.0,223.64,0
419,214,2023-12-24,2023-12-26,In-Store,Home,3,120.0,0.0,360.0,105.75,0
420,208,2024-02-27,2024-03-03,In-Store,Electronics,4,99.0,0.0,396.0,75.35,0
421,209,2023-06-15,2023-06-16,In-Store,Electronics,1,99.0,0.0,99.0,17.64,0
422,233,2024-05-27,2024-05-30,In-Store,Clothing,3,35.0,0.0,105.0,47.2,0
423,218,2023-06-28,2023-06-30,Online,Clothing,4,35.0,0.0,140.0,63.15,0
424,223,2023-03-11,2023-03-15,Online,Beauty,3,25.0,0.05,71.25,37.07,0
425,207,2024-01-31,2024-02-05,Online,Electronics,3,149.0,0.15,379.95,62.06,0
426,233,2023-07-31,2023-08-06,In-Store,Sports,3,220.0,0.0,660.0,204.97,0
427,210,2023-04-28,2023-05-01,Online,Home,5,90.0,0.0,450.0,131.18,0
428,220,2023-11-20,2023-11-24,In-Store,Electronics,5,599.0,0.0,2995.0,481.08,0
429,211,2023-12-29,2023-12-30,In-Store,Electronics,4,199.0,0.0,796.0,83.04,0
430,207,2023-09-30,2023-10-01,Online,Clothing,5,75.0,0.1,337.5,158.58,0
431,226,2024-05-27,2024-05-29,Online,Sports,5,45.0,0.05,213.75,79.84,0
432,216,2023-09-27,2023-10-03,Online,Sports,3,220.0,0.05,627.0,175.51,0
433,211,2023-07-10,2023-07-16,Online,Beauty,4,18.0,0.2,57.6,34.94,0
434,212,2023-09-05,2023-09-08,Online,Beauty,5,55.0,0.05,261.25,137.15,0
435,210,2023-08-08,2023-08-09,Online,Electronics,5,99.0,0.0,495.0,54.56,0
436,229,2024-03-27,2024-04-01,Online,Electronics,2,399.0,0.1,718.2,122.71,0
437,226,2023-07-27,2023-08-02,Online,Beauty,1,55.0,0.2,44.0,23.5,0
438,222,2024-06-15,2024-06-22,In-Store,Clothing,2,35.0,0.1,63.0,27.45,0
439,233,2024-03-18,2024-03-21,Online,Home,5,20.0,0.0,100.0,34.6,0
440,217,2024-03-18,2024-03-21,In-Store,Clothing,1,35.0,0.0,35.0,17.98,0
441,218,2024-04-24,2024-05-01,Online,Beauty,3,40.0,0.05,114.0,61.8,1
442,218,2023-04-30,2023-05-05,Online,Electronics,5,99.0,0.0,495.0,71.09,0
443,213,2024-07-31,2024-08-01,Online,Home,4,90.0,0.05,342.0,90.78,0
444,229,2024-09-23,2024-09-25,Online,Sports,1,70.0,0.1,63.0,17.54,0
445,231,2024-08-05,2024-08-11,Online,Home,5,60.0,0.1,270.0,83.76,1
446,213,2024-08-18,2024-08-20,Online,Clothing,3,25.0,0.0,75.0,28.57,0
447,227,2023-09-24,2023-09-25,Online,Clothing,3,50.0,0.2,120.0,57.97,0
448,229,2024-11-19,2024-11-26,Online,Clothing,4,25.0,0.0,100.0,48.71,0
449,208,2024-12-18,2024-12-20,Online,Sports,3,110.0,0.0,330.0,81.96,0
450,214,2023-03-09,2023-03-10,In-Store,Home,4,180.0,0.0,720.0,165.18,0
451,209,2023-01-25,2023-01-30,In-Store,Electronics,2,199.0,0.0,398.0,105.16,1
452,208,2024-05-21,2024-05-22,Online,Clothing,3,25.0,0.05,71.25,34.95,0
453,231,2024-07-16,2024-07-21,Online,Clothing,2,50.0,0.1,90.0,41.53,0
454,208,2024-07-05,2024-07-11,Online,Clothing,5,50.0,0.1,225.0,104.31,0
455,201,2023-10-20,2023-10-26,Online,Home,4,20.0,0.0,80.0,20.16,0
456,219,2024-12-26,2024-12-31,In-Store,Beauty,2,18.0,0.1,32.4,13.92,0
457,212,2023-09-02,2023-09-05,In-Store,Home,3,180.0,0.0,540.0,140.81,0
458,233,2023-12-09,2023-12-12,Online,Beauty,4,40.0,0.15,136.0,82.36,0
459,213,2023-11-22,2023-11-25,Online,Clothing,2,75.0,0.15,127.5,55.05,0
460,231,2023-08-05,2023-08-07,Online,Sports,5,160.0,0.0,800.0,295.94,1
461,231,2024-11-12,2024-11-15,Online,Home,3,90.0,0.05,256.5,72.9,0
462,221,2023-06-18,2023-06-22,In-Store,Beauty,3,10.0,0.05,28.5,15.01,0
463,214,2024-01-10,2024-01-15,In-Store,Clothing,1,25.0,0.05,23.75,11.23,0
464,216,2024-01-30,2024-02-06,In-Store,Clothing,3,75.0,0.0,225.0,93.15,1
465,222,2024-05-11,2024-05-18,Online,Home,1,35.0,0.0,35.0,11.03,0
466,226,2024-05-25,2024-05-27,Online,Home,1,20.0,0.05,19.0,5.01,0
467,212,2023-04-23,2023-05-03,Online,Clothing,2,35.0,0.1,63.0,24.75,0
468,209,2023-07-29,2023-08-02,In-Store,Clothing,2,75.0,0.1,135.0,43.13,0
469,211,2023-01-20,2023-01-27,Online,Sports,5,160.0,0.05,760.0,144.64,0
470,231,2024-02-24,2024-02-28,In-Store,Home,3,120.0,0.0,360.0,118.18,0
471,211,2024-10-10,2024-10-15,Online,Clothing,1,35.0,0.0,35.0,15.57,0
472,230,2024-05-31,2024-06-05,Online,Sports,1,160.0,0.0,160.0,51.46,0
473,224,2024-05-19,2024-05-23,In-Store,Beauty,1,18.0,0.05,17.1,8.02,0
474,210,2023-08-31,2023-09-05,In-Store,Electronics,3,249.0,0.0,747.0,116.59,0
475,202,2024-03-29,2024-03-30,Online,Sports,1,25.0,0.1,22.5,6.88,0
476,200,2024-07-24,2024-07-28,Online,Electronics,3,599.0,0.15,1527.45,163.5,0
477,205,2024-07-17,2024-07-24,In-Store,Clothing,5,25.0,0.0,125.0,48.37,0
478,203,2024-08-02,2024-08-07,Online,Electronics,5,149.0,0.0,745.0,145.4,0
479,214,2023-11-18,2023-11-23,In-Store,Electronics,4,599.0,0.0,2396.0,441.69,0
480,209,2023-11-17,2023-11-22,Online,Beauty,2,18.0,0.1,32.4,20.53,1
481,225,2023-09-11,2023-09-21,In-Store,Electronics,4,249.0,0.0,996.0,19.92,0
482,206,2023-01-01,2023-01-05,Online,Electronics,4,399.0,0.15,1356.6,304.54,0
483,219,2023-02-13,2023-02-16,Online,Home,1,180.0,0.05,171.0,55.54,0
484,219,2023-11-11,2023-11-12,In-Store,Beauty,3,25.0,0.1,67.5,33.19,0
485,232,2024-05-19,2024-05-24,Online,Beauty,1,18.0,0.0,18.0,10.04,0
486,230,2023-02-24,2023-03-01,Online,Sports,5,160.0,0.05,760.0,204.1,0
487,221,2024-02-21,2024-03-06,In-Store,Beauty,4,40.0,0.0,160.0,88.62,0
488,228,2024-06-01,2024-06-02,In-Store,Clothing,2,35.0,0.0,70.0,25.28,0
489,207,2023-07-07,2023-07-12,Online,Sports,3,110.0,0.05,313.5,85.5,0
490,208,2024-02-26,2024-03-02,Online,Home,3,60.0,0.0,180.0,50.7,0
491,207,2024-09-30,2024-10-06,In-Store,Home,4,90.0,0.0,360.0,117.4,0
492,222,2023-04-11,2023-04-16,In-Store,Clothing,5,75.0,0.05,356.25,124.05,0
493,219,2023-06-09,2023-06-13,In-Store,Electronics,4,199.0,0.0,796.0,171.13,0
494,221,2023-05-04,2023-05-09,Online,Clothing,4,75.0,0.05,285.0,119.46,0
495,228,2023-06-14,2023-06-15,Online,Sports,3,220.0,0.05,627.0,215.13,0
496,223,2023-09-10,2023-09-14,Online,Home,1,60.0,0.05,57.0,22.06,0
497,202,2024-03-28,2024-04-01,Online,Electronics,5,399.0,0.15,1695.75,176.29,0
498,207,2023-11-27,2023-12-03,Online,Clothing,1,75.0,0.0,75.0,34.22,0
499,213,2024-04-16,2024-04-19,In-Store,Sports,5,110.0,0.0,550.0,132.57,0
500,213,2023-11-07,2023-11-09,In-Store,Home,5,180.0,0.0,900.0,182.59,0
501,200,2023-03-19,2023-03-24,In-Store,Sports,4,70.0,0.0,280.0,69.52,1
502,215,2024-10-11,2024-10-18,Online,Sports,3,160.0,0.0,480.0,125.23,0
503,212,2024-08-11,2024-08-16,Online,Electronics,3,199.0,0.05,567.15,78.89,0
504,222,2024-01-16,2024-01-21,Online,Electronics,1,99.0,0.1,89.1,11.5,0
505,214,2023-09-09,2023-09-14,In-Store,Electronics,3,249.0,0.0,747.0,124.99,0
506,200,2023-07-30,2023-07-31,In-Store,Clothing,5,75.0,0.0,375.0,178.37,0
507,222,2024-09-27,2024-09-28,Online,Sports,1,25.0,0.0,25.0,6.62,1
508,227,2023-10-24,2023-10-28,In-Store,Clothing,5,15.0,0.05,71.25,26.86,0
509,203,2023-06-12,2023-06-16,Online,Clothing,2,25.0,0.1,45.0,18.56,0
510,201,2023-08-12,2023-08-18,Online,Beauty,4,40.0,0.0,160.0,95.13,0
511,232,2024-11-24,2024-11-29,Online,Home,1,20.0,0.05,19.0,5.53,0
512,231,2023-09-17,2023-09-19,In-Store,Clothing,4,75.0,0.1,270.0,121.52,0
513,200,2023-08-13,2023-08-19,Online,Electronics,2,199.0,0.05,378.1,63.54,0
514,200,2023-10-15,2023-10-22,Online,Clothing,1,35.0,0.05,33.25,14.36,0
515,201,2024-03-19,2024-03-22,Online,Sports,3,45.0,0.05,128.25,34.24,0
516,212,2024-05-25,2024-05-30,Online,Beauty,1,40.0,0.1,36.0,17.59,0
517,205,2023-11-20,2023-11-25,Online,Beauty,4,55.0,0.05,209.0,120.03,0
518,208,2024-08-26,2024-09-01,Online,Sports,1,220.0,0.05,209.0,71.8,0
519,221,2023-10-10,2023-10-14,Online,Home,3,180.0,0.0,540.0,156.04,0
520,205,2024-04-07,2024-04-10,In-Store,Home,2,20.0,0.0,40.0,11.45,0
521,233,2023-02-14,2023-02-15,Online,Electronics,1,599.0,0.05,569.05,120.0,0
522,209,2023-10-21,2023-10-23,Online,Clothing,2,50.0,0.15,85.0,42.64,0
523,228,2024-11-25,2024-11-28,In-Store,Home,1,120.0,0.0,120.0,34.81,0
524,228,2023-07-29,2023-07-30,Online,Electronics,3,99.0,0.05,282.15,54.55,0
525,232,2023-03-04,2023-03-05,Online,Home,1,60.0,0.1,54.0,9.77,0
526,203,2024-04-13,2024-04-16,Online,Home,2,90.0,0.05,171.0,58.59,1
527,230,2023-02-20,2023-02-25,Online,Sports,4,220.0,0.05,836.0,117.34,0
528,211,2024-06-03,2024-06-09,In-Store,Beauty,4,55.0,0.0,220.0,122.37,0
529,217,2024-10-29,2024-10-30,Online,Electronics,5,199.0,0.0,995.0,223.09,0
530,225,2024-07-25,2024-07-28,Online,Beauty,5,55.0,0.0,275.0,139.52,1
531,208,2023-06-19,2023-06-25,In-Store,Home,3,120.0,0.0,360.0,109.93,0
532,220,2024-10-07,2024-10-17,Online,Sports,2,70.0,0.05,133.0,43.33,0
533,222,2024-10-08,2024-10-11,Online,Home,3,20.0,0.15,51.0,15.34,0
534,217,2024-06-24,2024-07-01,In-Store,Clothing,2,35.0,0.0,70.0,29.16,0
535,203,2023-02-03,2023-02-04,In-Store,Home,5,120.0,0.0,600.0,181.43,0
536,226,2023-05-09,2023-05-15,Online,Electronics,2,599.0,0.0,1198.0,202.74,0
537,227,2023-09-08,2023-09-09,In-Store,Sports,5,220.0,0.0,1100.0,251.34,0
538,229,2023-02-26,2023-03-03,Online,Clothing,5,35.0,0.0,175.0,91.64,0
539,228,2023-06-08,2023-06-13,Online,Sports,5,25.0,0.05,118.75,33.83,0
540,201,2023-06-26,2023-07-02,In-Store,Clothing,5,15.0,0.0,75.0,35.3,0
541,214,2024-10-21,2024-10-26,Online,Electronics,3,149.0,0.05,424.65,38.53,0
542,222,2023-05-31,2023-06-05,Online,Clothing,1,50.0,0.15,42.5,21.99,0
543,227,2023-12-07,2023-12-10,Online,Beauty,5,18.0,0.0,90.0,54.1,0
544,202,2024-04-29,2024-05-02,In-Store,Clothing,2,50.0,0.05,95.0,53.08,0
545,226,2023-01-28,2023-01-31,In-Store,Home,3,180.0,0.0,540.0,132.67,0
546,203,2023-12-14,2023-12-18,Online,Clothing,5,25.0,0.1,112.5,44.56,0
547,203,2024-01-14,2024-01-19,In-Store,Sports,2,70.0,0.0,140.0,49.47,0
548,232,2024-07-06,2024-07-10,Online,Beauty,5,55.0,0.1,247.5,132.82,0
549,230,2023-06-18,2023-06-23,Online,Electronics,5,199.0,0.0,995.0,186.87,1
550,208,2023-10-22,2023-10-27,Online,Beauty,3,10.0,0.1,27.0,15.04,1
551,214,2023-07-16,2023-07-21,In-Store,Home,4,180.0,0.0,720.0,204.0,0
552,221,2024-12-29,2025-01-02,Online,Home,5,180.0,0.1,810.0,261.47,0
553,220,2024-10-31,2024-11-05,Online,Clothing,5,25.0,0.0,125.0,50.61,0
554,213,2024-06-28,2024-06-29,Online,Clothing,5,15.0,0.15,63.75,26.59,0
555,229,2023-07-10,2023-07-12,Online,Home,4,90.0,0.05,342.0,111.38,0
556,220,2024-06-02,2024-06-07,Online,Electronics,3,99.0,0.15,252.45,41.08,0
557,211,2023-03-06,2023-03-10,In-Store,Clothing,5,15.0,0.0,75.0,38.33,0
558,215,2023-05-28,2023-05-31,Online,Clothing,1,50.0,0.1,45.0,21.21,0
559,205,2024-04-16,2024-04-19,Online,Home,3,60.0,0.0,180.0,43.42,0
560,227,2023-06-17,2023-06-18,Online,Sports,4,160.0,0.1,576.0,172.16,0
561,226,2024-07-01,2024-07-02,In-Store,Electronics,1,599.0,0.0,599.0,131.68,1
562,206,2024-07-11,2024-07-12,In-Store,Clothing,4,75.0,0.0,300.0,126.9,0
563,222,2024-03-06,2024-03-11,In-Store,Electronics,1,599.0,0.0,599.0,59.84,0
564,234,2023-04-27,2023-05-02,Online,Home,5,120.0,0.1,540.0,212.56,0
565,201,2023-11-11,2023-11-12,In-Store,Beauty,4,55.0,0.0,220.0,101.16,0
566,202,2023-09-09,2023-09-14,Online,Beauty,4,10.0,0.2,32.0,17.12,0
567,230,2024-07-17,2024-07-18,In-Store,Clothing,5,25.0,0.05,118.75,49.48,0
568,205,2024-12-24,2024-12-28,In-Store,Clothing,2,25.0,0.0,50.0,23.59,0
569,203,2024-04-07,2024-04-13,Online,Sports,3,25.0,0.0,75.0,12.47,0
570,227,2023-09-04,2023-09-07,In-Store,Clothing,5,50.0,0.05,237.5,124.46,0
571,217,2024-03-09,2024-03-14,Online,Home,4,180.0,0.05,684.0,190.04,0
572,224,2023-02-16,2023-02-21,Online,Beauty,4,10.0,0.1,36.0,20.98,0
573,207,2024-08-08,2024-08-15,In-Store,Clothing,4,25.0,0.1,90.0,44.29,0
574,220,2023-01-14,2023-01-16,Online,Clothing,5,15.0,0.0,75.0,29.52,0
575,221,2023-12-11,2023-12-17,Online,Beauty,2,40.0,0.2,64.0,37.19,1
576,231,2023-04-22,2023-04-27,Online,Electronics,2,249.0,0.0,498.0,98.83,0
577,204,2023-10-08,2023-10-12,Online,Clothing,1,15.0,0.2,12.0,5.54,0
578,206,2024-12-17,2024-12-20,In-Store,Beauty,3,40.0,0.1,108.0,61.62,0
579,217,2024-04-17,2024-04-19,In-Store,Beauty,1,25.0,0.0,25.0,13.56,0
580,230,2023-01-14,2023-01-18,Online,Beauty,5,55.0,0.0,275.0,160.33,0
581,212,2024-04-01,2024-04-07,Online,Electronics,3,149.0,0.05,424.65,76.81,0
582,233,2023-03-05,2023-03-19,In-Store,Sports,5,70.0,0.0,350.0,76.16,0
583,219,2024-07-09,2024-07-15,Online,Beauty,2,18.0,0.0,36.0,20.11,0
584,206,2023-06-07,2023-06-12,In-Store,Home,5,180.0,0.0,900.0,271.28,0
585,200,2023-11-02,2023-11-03,Online,Sports,4,45.0,0.1,162.0,46.56,0
586,208,2023-03-29,2023-03-30,In-Store,Home,2,90.0,0.0,180.0,49.12,0
587,208,2023-05-16,2023-05-21,Online,Sports,3,70.0,0.05,199.5,56.32,1
588,222,2023-07-04,2023-07-08,Online,Beauty,1,40.0,0.15,34.0,17.95,0
589,222,2023-09-18,2023-09-20,Online,Beauty,3,40.0,0.15,102.0,54.34,0
590,224,2024-02-21,2024-02-28,Online,Clothing,2,50.0,0.05,95.0,45.42,0
591,234,2024-09-04,2024-09-07,In-Store,Beauty,5,10.0,0.05,47.5,28.55,0
592,232,2024-08-05,2024-08-08,In-Store,Home,5,180.0,0.0,900.0,235.2,0
593,201,2023-05-14,2023-05-16,In-Store,Sports,1,160.0,0.0,160.0,52.92,0
594,220,2024-10-29,2024-11-03,Online,Beauty,2,40.0,0.15,68.0,37.1,0
595,205,2024-12-24,2025-01-03,Online,Clothing,4,25.0,0.0,100.0,47.47,0
596,216,2023-02-19,2023-02-20,Online,Beauty,2,40.0,0.05,76.0,41.14,1
597,205,2023-06-05,2023-06-07,Online,Clothing,3,75.0,0.05,213.75,112.28,0
598,209,2024-09-17,2024-09-22,Online,Clothing,3,35.0,0.1,94.5,46.9,0
599,217,2023-04-24,2023-04-29,Online,Beauty,1,40.0,0.05,38.0,21.38,0
600,202,2024-10-11,2024-10-15,Online,Beauty,2,55.0,0.1,99.0,44.77,0
601,206,2024-06-21,2024-06-23,In-Store,Electronics,2,149.0,0.0,298.0,35.31,0
602,213,2024-12-21,2024-12-25,Online,Beauty,2,40.0,0.1,72.0,38.53,0
603,208,2024-05-06,2024-05-07,In-Store,Home,4,60.0,0.0,240.0,67.69,0
604,219,2023-11-20,2023-11-26,In-Store,Sports,3,70.0,0.0,210.0,53.33,0
605,229,2024-04-30,2024-05-02,Online,Home,2,60.0,0.05,114.0,32.38,0
606,212,2023-03-24,2023-03-26,Online,Electronics,4,399.0,0.0,1596.0,323.94,0
607,212,2023-10-24,2023-10-31,Online,Sports,1,25.0,0.0,25.0,7.07,0
608,226,2024-02-17,2024-02-22,In-Store,Home,2,90.0,0.0,180.0,60.15,0
609,221,2024-01-06,2024-01-08,Online,Clothing,5,25.0,0.1,112.5,45.2,1
610,216,2024-08-24,2024-08-27,Online,Sports,2,70.0,0.15,119.0,23.99,1
611,222,2023-02-01,2023-02-05,In-Store,Sports,4,160.0,0.0,640.0,198.84,0
612,216,2024-06-07,2024-06-09,In-Store,Sports,4,25.0,0.0,100.0,22.07,0
613,226,2023-07-26,2023-08-02,Online,Home,2,60.0,0.05,114.0,35.14,0
614,207,2023-07-06,2023-07-10,Online,Clothing,1,50.0,0.1,45.0,23.73,0
615,209,2023-08-13,2023-08-15,In-Store,Beauty,1,55.0,0.05,52.25,30.58,0
616,215,2023-11-14,2023-11-20,In-Store,Electronics,3,399.0,0.0,1197.0,254.77,0
617,208,2023-05-12,2023-05-17,In-Store,Electronics,3,249.0,0.0,747.0,148.43,0
618,203,2024-10-17,2024-10-20,Online,Sports,1,110.0,0.1,99.0,27.0,0
619,228,2023-10-29,2023-10-31,Online,Electronics,3,249.0,0.15,634.95,136.92,0
620,225,2023-04-15,2023-04-20,Online,Home,1,180.0,0.0,180.0,67.85,0
621,208,2024-08-04,2024-08-05,In-Store,Clothing,1,25.0,0.05,23.75,12.5,0
622,233,2023-07-31,2023-08-05,Online,Home,4,60.0,0.1,216.0,53.3,0
623,227,2023-01-16,2023-01-21,In-Store,Electronics,1,149.0,0.0,149.0,22.54,0
624,219,2024-03-11,2024-03-16,In-Store,Clothing,2,75.0,0.05,142.5,52.53,1
625,231,2024-10-11,2024-10-13,In-Store,Electronics,3,99.0,0.0,297.0,53.05,0
626,231,2023-03-07,2023-03-12,Online,Sports,4,25.0,0.05,95.0,28.29,0
627,218,2023-04-26,2023-04-30,Online,Sports,2,70.0,0.05,133.0,30.55,0
628,210,2024-03-24,2024-03-29,Online,Clothing,1,35.0,0.15,29.75,12.3,0
629,216,2024-09-27,2024-10-02,Online,Clothing,4,35.0,0.0,140.0,73.17,0
630,221,2023-04-09,2023-04-14,Online,Home,4,20.0,0.05,76.0,24.51,0
631,215,2024-02-08,2024-02-10,Online,Beauty,1,55.0,0.0,55.0,31.75,0
632,203,2024-05-26,2024-05-30,Online,Home,5,180.0,0.05,855.0,258.29,0
633,202,2024-09-02,2024-09-03,In-Store,Beauty,4,10.0,0.1,36.0,19.21,0
634,215,2023-09-27,2023-09-29,Online,Clothing,3,75.0,0.1,202.5,107.04,0
635,220,2023-03-24,2023-03-29,Online,Electronics,3,249.0,0.05,709.65,177.28,0
636,234,2024-04-12,2024-04-16,Online,Home,3,35.0,0.0,105.0,34.38,0
637,232,2024-11-18,2024-11-22,Online,Beauty,5,10.0,0.1,45.0,24.9,0
638,215,2024-03-29,2024-04-03,Online,Clothing,2,50.0,0.05,95.0,40.59,0
639,218,2024-11-06,2024-11-07,Online,Clothing,3,35.0,0.15,89.25,35.69,0
640,206,2024-04-29,2024-05-04,In-Store,Beauty,1,55.0,0.0,55.0,27.98,1
641,229,2023-10-20,2023-10-25,Online,Sports,1,25.0,0.05,23.75,6.92,0
642,212,2023-07-28,2023-08-02,In-Store,Home,4,35.0,0.0,140.0,47.49,0
643,233,2023-03-02,2023-03-08,In-Store,Clothing,3,50.0,0.1,135.0,68.38,0
644,210,2024-04-23,2024-04-28,Online,Electronics,4,99.0,0.05,376.2,44.66,0
645,208,2024-05-21,2024-06-04,In-Store,Home,4,180.0,0.0,720.0,211.69,0
646,219,2024-07-22,2024-07-27,In-Store,Clothing,2,75.0,0.0,150.0,63.73,0
647,218,2023-02-11,2023-02-16,Online,Beauty,5,10.0,0.05,47.5,29.66,0
648,211,2023-07-10,2023-07-12,Online,Beauty,5,18.0,0.1,81.0,42.66,0
649,207,2024-11-10,2024-11-16,In-Store,Sports,3,70.0,0.0,210.0,54.54,1
650,225,2023-12-15,2023-12-17,Online,Beauty,3,18.0,0.05,51.3,29.35,0
651,211,2023-08-23,2023-08-25,In-Store,Clothing,5,35.0,0.0,175.0,75.04,0
652,207,2023-07-22,2023-07-27,In-Store,Clothing,2,50.0,0.0,100.0,43.52,0
653,217,2023-09-10,2023-09-12,In-Store,Home,5,90.0,0.0,450.0,134.6,0
654,223,2023-06-04,2023-06-07,In-Store,Clothing,1,15.0,0.1,13.5,5.32,0
655,227,2024-11-04,2024-11-09,Online,Clothing,5,50.0,0.1,225.0,86.67,0
656,230,2023-02-07,2023-02-12,In-Store,Beauty,2,10.0,0.05,19.0,12.11,0
657,204,2024-01-02,2024-01-04,Online,Beauty,5,40.0,0.0,200.0,96.21,0
658,214,2024-12-24,2024-12-26,In-Store,Electronics,4,199.0,0.0,796.0,124.69,0
659,208,2023-09-25,2023-09-30,Online,Clothing,2,75.0,0.25,112.5,46.56,1
660,217,2024-05-31,2024-06-05,In-Store,Home,3,60.0,0.0,180.0,58.13,0
661,223,2024-06-09,2024-06-13,Online,Electronics,2,99.0,0.0,198.0,30.82,0
662,231,2024-11-19,2024-11-21,In-Store,Clothing,5,35.0,0.0,175.0,87.89,0
663,210,2023-12-29,2024-01-01,Online,Home,1,20.0,0.0,20.0,5.51,0
664,224,2024-11-04,2024-11-09,Online,Home,4,35.0,0.05,133.0,41.89,0
665,201,2023-07-27,2023-08-01,Online,Home,4,90.0,0.05,342.0,84.8,0
666,211,2023-05-09,2023-05-10,In-Store,Sports,2,70.0,0.0,140.0,39.71,0
667,221,2024-02-16,2024-02-21,Online,Beauty,4,18.0,0.2,57.6,30.64,0
668,205,2024-01-11,2024-01-17,In-Store,Sports,4,25.0,0.0,100.0,28.5,0
669,214,2024-06-26,2024-06-29,Online,Home,5,120.0,0.0,600.0,211.89,0
670,211,2023-01-28,2023-01-29,Online,Home,3,90.0,0.05,256.5,86.39,0
671,232,2024-06-26,2024-06-27,Online,Clothing,2,50.0,0.0,100.0,34.67,0
672,200,2023-10-17,2023-10-21,In-Store,Sports,1,45.0,0.0,45.0,14.64,0
673,202,2023-08-09,2023-08-11,Online,Clothing,3,25.0,0.05,71.25,29.83,0
674,209,2023-05-11,2023-05-13,Online,Electronics,1,149.0,0.0,149.0,25.37,1
675,222,2024-06-19,2024-06-24,In-Store,Clothing,1,75.0,0.0,75.0,32.46,0
676,211,2024-09-06,2024-09-11,In-Store,Electronics,2,249.0,0.0,498.0,99.5,0
677,202,2023-07-28,2023-07-30,Online,Beauty,1,25.0,0.05,23.75,12.33,0
678,207,2023-08-23,2023-08-30,Online,Home,2,20.0,0.05,38.0,12.1,0
679,234,2023-02-21,2023-02-22,In-Store,Sports,3,45.0,0.0,135.0,36.09,0
680,232,2024-04-02,2024-04-07,Online,Home,1,180.0,0.1,162.0,54.68,0
681,228,2023-08-16,2023-08-17,Online,Home,2,180.0,0.15,306.0,90.39,0
682,216,2023-03-29,2023-03-31,Online,Beauty,3,18.0,0.25,40.5,24.43,0
683,229,2023-07-31,2023-08-05,Online,Electronics,1,249.0,0.0,249.0,39.65,0
684,233,2023-10-20,2023-10-22,Online,Electronics,2,599.0,0.05,1138.1,199.9,0
685,224,2024-09-27,2024-09-28,In-Store,Electronics,1,199.0,0.0,199.0,21.63,0
686,218,2024-04-29,2024-05-01,Online,Sports,5,25.0,0.1,112.5,30.86,0
687,219,2024-06-22,2024-06-27,Online,Beauty,5,10.0,0.15,42.5,26.08,0
688,222,2023-12-14,2023-12-19,Online,Clothing,3,25.0,0.05,71.25,35.84,0
689,224,2024-04-20,2024-04-21,In-Store,Clothing,3,35.0,0.05,99.75,47.05,0
690,204,2023-04-03,2023-04-05,Online,Sports,5,110.0,0.05,522.5,139.45,0
691,218,2023-10-03,2023-10-05,Online,Sports,2,110.0,0.05,209.0,71.35,0
692,223,2023-12-23,2023-12-28,Online,Electronics,2,599.0,0.05,1138.1,220.88,0
693,217,2023-04-07,2023-04-10,In-Store,Clothing,4,15.0,0.05,57.0,31.62,0
694,219,2023-07-22,2023-07-27,Online,Electronics,2,599.0,0.05,1138.1,191.19,0
695,206,2024-03-01,2024-03-11,In-Store,Clothing,1,25.0,0.05,23.75,11.12,0
696,224,2023-11-01,2023-11-02,In-Store,Clothing,1,50.0,0.1,45.0,22.65,0
697,225,2023-02-10,2023-02-14,Online,Electronics,2,249.0,0.1,448.2,81.76,0
698,228,2023-10-13,2023-10-18,Online,Sports,1,45.0,0.0,45.0,14.83,0
699,231,2024-02-03,2024-02-06,In-Store,Electronics,5,599.0,0.0,2995.0,298.37,0
700,207,2023-06-29,2023-07-02,Online,Sports,1,220.0,0.1,198.0,57.72,0
701,202,2023-08-17,2023-08-22,In-Store,Home,2,60.0,0.0,120.0,31.89,0
702,220,2024-11-23,2024-11-27,Online,Beauty,5,10.0,0.2,40.0,25.83,0
703,224,2024-10-03,2024-10-06,In-Store,Beauty,3,55.0,0.0,165.0,88.71,0
704,229,2023-05-14,2023-05-16,In-Store,Clothing,4,25.0,0.05,95.0,53.26,0
705,215,2023-10-20,2023-10-23,Online,Clothing,1,25.0,0.0,25.0,9.57,0
706,231,2024-11-07,2024-11-09,Online,Sports,3,220.0,0.1,594.0,141.69,0
707,225,2023-07-02,2023-07-07,Online,Sports,4,160.0,0.0,640.0,147.94,0
708,207,2024-01-06,2024-01-09,In-Store,Electronics,4,149.0,0.0,596.0,143.5,0
709,223,2023-07-21,2023-07-23,Online,Clothing,2,35.0,0.15,59.5,28.84,0
710,209,2024-06-10,2024-06-16,In-Store,Beauty,4,40.0,0.1,144.0,82.55,0
711,224,2023-08-09,2023-08-11,In-Store,Home,3,90.0,0.0,270.0,88.22,0
712,227,2024-10-04,2024-10-10,In-Store,Electronics,1,199.0,0.0,199.0,36.06,0
713,229,2024-01-22,2024-01-25,In-Store,Home,4,90.0,0.0,360.0,95.05,0
714,231,2023-09-24,2023-09-29,Online,Beauty,2,10.0,0.05,19.0,11.12,0
715,213,2023-05-23,2023-05-28,In-Store,Electronics,2,199.0,0.0,398.0,55.75,0
716,229,2023-06-30,2023-07-04,Online,Electronics,5,199.0,0.0,995.0,178.65,0
717,208,2023-04-06,2023-04-08,Online,Clothing,4,50.0,0.15,170.0,93.57,0
718,222,2024-09-11,2024-09-14,Online,Electronics,3,149.0,0.05,424.65,92.88,0
719,222,2023-11-27,2023-12-01,In-Store,Beauty,3,18.0,0.1,48.6,26.91,0
720,222,2023-02-27,2023-03-01,Online,Clothing,2,15.0,0.1,27.0,9.42,0
721,214,2024-04-01,2024-04-04,Online,Electronics,1,599.0,0.1,539.1,113.86,0
722,215,2023-06-02,2023-06-05,Online,Clothing,5,25.0,0.05,118.75,56.65,0
723,234,2024-12-21,2024-12-22,Online,Clothing,4,35.0,0.15,119.0,58.25,0
724,217,2024-10-23,2024-10-27,Online,Home,3,20.0,0.0,60.0,17.76,0
725,226,2024-01-15,2024-01-20,Online,Clothing,3,35.0,0.0,105.0,49.35,0
726,231,2023-10-17,2023-10-18,In-Store,Clothing,3,15.0,0.1,40.5,18.35,0
727,215,2024-10-26,2024-11-09,Online,Home,1,20.0,0.0,20.0,5.17,0
728,211,2024-09-08,2024-09-15,Online,Sports,1,110.0,0.0,110.0,39.34,0
729,216,2023-01-22,2023-01-26,Online,Sports,4,220.0,0.1,792.0,196.52,0
730,226,2023-05-18,2023-05-20,In-Store,Home,3,180.0,0.0,540.0,169.64,0
731,205,2023-04-16,2023-04-17,Online,Beauty,1,55.0,0.05,52.25,26.91,0
732,225,2024-08-12,2024-08-14,Online,Electronics,3,249.0,0.15,634.95,91.04,1
733,209,2024-10-01,2024-10-02,Online,Sports,3,110.0,0.0,330.0,105.34,0
734,223,2024-10-18,2024-10-22,Online,Sports,2,220.0,0.0,440.0,118.21,0
735,205,2023-12-10,2023-12-13,Online,Clothing,1,75.0,0.15,63.75,23.9,0
736,203,2023-02-02,2023-02-06,Online,Home,2,90.0,0.05,171.0,55.68,0
737,206,2024-07-27,2024-08-03,In-Store,Sports,2,45.0,0.0,90.0,24.88,0
738,219,2023-08-03,2023-08-10,In-Store,Beauty,2,10.0,0.0,20.0,11.17,0
739,206,2024-09-13,2024-09-18,Online,Home,5,60.0,0.0,300.0,104.11,0
740,233,2023-08-21,2023-08-23,In-Store,Sports,1,220.0,0.0,220.0,60.2,0
741,202,2024-12-11,2024-12-14,In-Store,Electronics,2,249.0,0.0,498.0,119.56,0
742,224,2024-03-06,2024-03-11,Online,Home,3,120.0,0.15,306.0,116.39,0
743,204,2023-01-18,2023-01-21,In-Store,Electronics,2,99.0,0.0,198.0,44.04,1
744,218,2023-04-12,2023-04-15,Online,Sports,4,160.0,0.05,608.0,177.24,0
745,205,2024-10-27,2024-11-01,In-Store,Beauty,5,55.0,0.0,275.0,140.69,0
746,229,2024-05-06,2024-05-11,Online,Electronics,1,399.0,0.0,399.0,57.55,1
747,232,2023-05-26,2023-05-30,In-Store,Electronics,1,399.0,0.0,399.0,87.85,0
748,210,2024-08-28,2024-09-01,Online,Sports,3,220.0,0.05,627.0,208.03,0
749,207,2023-11-22,2023-11-23,In-Store,Electronics,3,599.0,0.0,1797.0,247.67,0
750,226,2023-11-25,2023-11-29,In-Store,Clothing,4,50.0,0.0,200.0,100.45,0
751,202,2023-12-15,2023-12-20,Online,Home,3,90.0,0.1,243.0,89.53,0
752,224,2024-12-18,2024-12-20,Online,Electronics,1,599.0,0.05,569.05,110.31,1
753,208,2023-01-11,2023-01-18,In-Store,Home,2,60.0,0.0,120.0,30.39,0
754,208,2023-11-06,2023-11-10,In-Store,Beauty,5,40.0,0.0,200.0,102.55,0
755,218,2024-12-23,2024-12-24,Online,Home,2,180.0,0.1,324.0,75.94,0
756,212,2023-12-24,2023-12-29,In-Store,Clothing,3,25.0,0.1,67.5,35.89,0
757,218,2023-05-17,2023-05-18,Online,Clothing,2,50.0,0.2,80.0,38.38,0
758,220,2024-11-28,2024-12-02,In-Store,Sports,1,110.0,0.0,110.0,17.28,0
759,203,2024-12-23,2024-12-28,In-Store,Beauty,1,25.0,0.1,22.5,11.83,0
760,214,2023-11-09,2023-11-12,Online,Sports,5,70.0,0.05,332.5,95.69,0
761,213,2024-08-12,2024-08-13,In-Store,Beauty,4,10.0,0.05,38.0,22.88,0
762,227,2024-01-31,2024-02-06,Online,Beauty,1,55.0,0.15,46.75,25.72,0
763,228,2023-03-14,2023-03-19,In-Store,Electronics,3,399.0,0.0,1197.0,301.85,0
764,232,2023-07-19,2023-07-26,Online,Sports,4,25.0,0.0,100.0,31.66,0
765,214,2023-05-20,2023-05-24,Online,Electronics,1,199.0,0.15,169.15,32.24,0
766,206,2024-01-11,2024-01-16,In-Store,Electronics,3,149.0,0.0,447.0,57.97,0
767,230,2023-09-03,2023-09-10,In-Store,Electronics,5,399.0,0.0,1995.0,254.1,0
768,217,2023-07-08,2023-07-10,In-Store,Home,2,90.0,0.0,180.0,54.19,0
769,212,2024-10-19,2024-10-24,Online,Clothing,1,25.0,0.0,25.0,11.83,0
770,227,2024-02-12,2024-02-18,In-Store,Beauty,1,25.0,0.1,22.5,11.41,0
771,208,2023-02-12,2023-02-16,Online,Beauty,1,25.0,0.05,23.75,12.03,0
772,200,2023-08-23,2023-09-06,In-Store,Beauty,1,10.0,0.0,10.0,6.55,0
773,221,2023-01-10,2023-01-24,In-Store,Electronics,1,599.0,0.0,599.0,90.54,0
774,212,2024-11-09,2024-11-10,Online,Clothing,1,15.0,0.15,12.75,6.96,0
775,208,2023-03-26,2023-03-29,Online,Electronics,4,149.0,0.0,596.0,96.54,0
776,215,2023-06-07,2023-06-10,Online,Clothing,2,35.0,0.05,66.5,29.94,0
777,228,2023-03-05,2023-03-09,Online,Clothing,1,50.0,0.0,50.0,24.02,0
778,201,2023-07-19,2023-07-23,In-Store,Electronics,2,199.0,0.0,398.0,76.71,0
779,216,2023-04-29,2023-05-01,Online,Electronics,5,149.0,0.0,745.0,126.56,0
780,215,2023-12-26,2023-12-31,In-Store,Clothing,5,15.0,0.05,71.25,38.04,0
781,215,2023-02-06,2023-02-11,Online,Electronics,4,199.0,0.1,716.4,122.81,0
782,232,2023-11-23,2023-11-26,In-Store,Clothing,3,50.0,0.0,150.0,63.14,0
783,232,2024-04-30,2024-05-04,Online,Home,3,60.0,0.1,162.0,42.54,0
784,200,2024-12-20,2024-12-27,In-Store,Clothing,5,35.0,0.05,166.25,70.5,0
785,210,2024-02-29,2024-03-04,Online,Beauty,4,10.0,0.05,38.0,18.2,0
786,231,2024-07-03,2024-07-06,Online,Home,1,20.0,0.15,17.0,5.2,0
787,233,2024-12-27,2025-01-02,Online,Home,4,60.0,0.1,216.0,71.65,0
788,218,2024-08-11,2024-08-18,In-Store,Home,5,90.0,0.0,450.0,94.3,0
789,228,2024-08-30,2024-09-01,In-Store,Home,5,180.0,0.0,900.0,247.26,0
790,234,2023-01-27,2023-02-03,Online,Sports,5,45.0,0.15,191.25,57.07,0
791,219,2023-08-19,2023-08-24,In-Store,Beauty,4,55.0,0.1,198.0,109.77,1
792,214,2024-11-21,2024-11-22,Online,Beauty,3,55.0,0.1,148.5,84.72,0
793,230,2024-05-30,2024-06-04,Online,Electronics,3,99.0,0.1,267.3,38.57,0
794,233,2024-07-13,2024-07-18,Online,Home,5,120.0,0.0,600.0,132.0,0
795,205,2023-11-08,2023-11-12,Online,Electronics,2,249.0,0.05,473.1,52.25,0
796,233,2023-05-24,2023-05-29,Online,Sports,5,110.0,0.1,495.0,135.17,0
797,224,2024-08-16,2024-08-19,Online,Clothing,1,15.0,0.2,12.0,5.42,0
798,215,2024-08-18,2024-09-01,In-Store,Sports,4,25.0,0.0,100.0,24.98,0
799,226,2023-06-04,2023-06-10,In-Store,Electronics,1,149.0,0.0,149.0,25.75,0
800,231,2024-04-25,2024-04-27,Online,Sports,4,45.0,0.05,171.0,52.91,0
801,232,2023-08-05,2023-08-06,Online,Clothing,4,50.0,0.1,180.0,84.97,0
802,213,2023-08-23,2023-08-27,In-Store,Home,3,60.0,0.0,180.0,51.78,0
803,224,2023-07-28,2023-08-02,Online,Home,1,120.0,0.0,120.0,32.71,0
804,215,2023-09-20,2023-09-23,In-Store,Beauty,5,55.0,0.0,275.0,162.95,0
805,210,2024-07-09,2024-07-13,In-Store,Beauty,2,55.0,0.05,104.5,58.87,0
806,219,2024-01-29,2024-01-31,Online,Home,3,180.0,0.05,513.0,113.88,0
807,202,2023-09-21,2023-09-23,In-Store,Beauty,1,10.0,0.0,10.0,5.76,1
808,216,2024-11-02,2024-11-04,In-Store,Clothing,4,25.0,0.0,100.0,34.24,0
809,234,2024-08-02,2024-08-08,Online,Home,2,35.0,0.05,66.5,20.65,0
810,206,2024-08-29,2024-09-02,Online,Beauty,2,18.0,0.15,30.6,14.46,0
811,222,2024-05-13,2024-05-17,Online,Clothing,3,75.0,0.1,202.5,102.94,0
812,221,2023-11-04,2023-11-07,In-Store,Home,4,120.0,0.0,480.0,83.8,0
813,205,2023-04-23,2023-04-28,In-Store,Home,4,180.0,0.0,720.0,201.6,0
814,202,2024-07-31,2024-08-04,Online,Clothing,2,25.0,0.05,47.5,23.97,0
815,219,2024-05-28,2024-05-29,Online,Home,4,90.0,0.0,360.0,118.19,0
816,224,2023-07-27,2023-08-01,Online,Sports,3,25.0,0.05,71.25,22.44,0
817,209,2023-04-04,2023-04-05,Online,Home,3,90.0,0.0,270.0,107.0,0
818,231,2024-05-14,2024-05-16,Online,Clothing,2,35.0,0.05,66.5,27.84,1
819,214,2024-03-19,2024-03-22,In-Store,Electronics,2,399.0,0.0,798.0,112.78,0
820,227,2024-09-01,2024-09-07,Online,Home,4,35.0,0.0,140.0,36.12,1
821,226,2024-03-13,2024-03-18,In-Store,Sports,2,160.0,0.0,320.0,99.78,0
822,202,2023-08-14,2023-08-15,Online,Home,3,120.0,0.1,324.0,111.31,0
823,206,2024-01-04,2024-01-06,Online,Clothing,4,75.0,0.15,255.0,117.09,1
824,201,2024-01-06,2024-01-13,Online,Electronics,1,249.0,0.1,224.1,28.94,1
825,203,2023-06-07,2023-06-12,In-Store,Beauty,4,18.0,0.0,72.0,40.49,0
826,231,2024-08-14,2024-08-16,In-Store,Beauty,1,40.0,0.0,40.0,21.31,0
827,230,2023-01-12,2023-01-16,Online,Electronics,1,599.0,0.05,569.05,81.9,0
828,203,2024-07-18,2024-07-23,Online,Sports,3,45.0,0.1,121.5,31.19,0
829,207,2024-12-14,2024-12-16,Online,Home,2,120.0,0.1,216.0,48.79,0
830,201,2024-11-21,2024-11-25,Online,Clothing,2,50.0,0.15,85.0,45.02,0
831,224,2024-11-24,2024-11-26,Online,Clothing,4,50.0,0.0,200.0,94.73,0
832,202,2024-07-27,2024-07-28,In-Store,Beauty,4,55.0,0.0,220.0,111.44,0
833,231,2024-10-21,2024-10-28,Online,Home,5,35.0,0.1,157.5,40.29,0
834,212,2023-06-05,2023-06-12,Online,Sports,4,70.0,0.15,238.0,89.46,0
835,234,2023-07-03,2023-07-04,In-Store,Sports,1,45.0,0.0,45.0,9.34,1
836,226,2024-02-14,2024-02-19,Online,Sports,1,160.0,0.0,160.0,66.73,0
837,200,2024-08-31,2024-09-03,In-Store,Clothing,5,15.0,0.1,67.5,39.49,0
838,211,2023-03-20,2023-03-21,Online,Electronics,1,249.0,0.1,224.1,25.51,0
839,200,2024-10-20,2024-10-23,Online,Beauty,2,40.0,0.05,76.0,37.62,0
840,215,2023-05-14,2023-05-17,Online,Clothing,2,15.0,0.0,30.0,13.58,0
841,225,2023-03-23,2023-03-27,Online,Electronics,1,199.0,0.0,199.0,42.27,0
842,220,2024-10-28,2024-10-30,Online,Home,5,60.0,0.05,285.0,101.02,0
843,218,2023-11-04,2023-11-11,In-Store,Electronics,2,199.0,0.0,398.0,84.98,0
844,223,2024-12-28,2025-01-02,Online,Sports,5,70.0,0.0,350.0,74.11,0
845,219,2023-02-20,2023-02-22,Online,Beauty,4,10.0,0.0,40.0,24.95,0
846,220,2024-05-31,2024-06-04,Online,Clothing,4,15.0,0.2,48.0,20.95,0
847,203,2023-08-19,2023-08-26,In-Store,Electronics,5,599.0,0.0,2995.0,465.31,0
848,211,2024-08-21,2024-08-22,Online,Home,3,35.0,0.05,99.75,32.18,0
849,211,2024-01-28,2024-01-31,Online,Beauty,3,10.0,0.15,25.5,15.34,0
850,216,2024-01-14,2024-01-16,Online,Clothing,3,25.0,0.0,75.0,34.74,0
851,205,2024-08-03,2024-08-09,Online,Beauty,5,55.0,0.0,275.0,132.45,0
852,218,2023-08-18,2023-08-20,Online,Clothing,2,50.0,0.1,90.0,33.81,0
853,213,2023-06-15,2023-06-20,Online,Sports,2,160.0,0.0,320.0,78.14,0
854,224,2023-02-06,2023-02-08,Online,Beauty,4,40.0,0.15,136.0,66.43,0
855,207,2023-08-19,2023-08-26,In-Store,Home,1,60.0,0.0,60.0,19.02,0
856,216,2023-08-24,2023-08-29,In-Store,Home,5,60.0,0.0,300.0,102.41,0
857,212,2023-02-14,2023-02-21,Online,Home,4,35.0,0.15,119.0,37.9,1
858,225,2024-09-03,2024-09-08,Online,Beauty,3,55.0,0.1,148.5,86.78,0
859,232,2024-06-22,2024-07-06,Online,Electronics,2,249.0,0.15,423.3,86.6,0
860,221,2023-12-03,2023-12-05,Online,Beauty,5,40.0,0.0,200.0,116.34,0
861,201,2023-10-07,2023-10-08,Online,Clothing,5,25.0,0.05,118.75,47.79,0
862,226,2024-11-13,2024-11-18,In-Store,Home,5,120.0,0.0,600.0,139.34,0
863,204,2024-01-11,2024-01-17,Online,Sports,5,110.0,0.05,522.5,149.62,0
864,231,2024-01-18,2024-01-21,In-Store,Electronics,1,599.0,0.0,599.0,125.73,0
865,213,2023-08-18,2023-08-23,In-Store,Home,2,120.0,0.0,240.0,81.14,0
866,230,2024-05-13,2024-05-15,In-Store,Sports,5,160.0,0.0,800.0,296.17,0
867,225,2023-01-02,2023-01-08,In-Store,Sports,5,70.0,0.0,350.0,126.6,1
868,234,2023-01-01,2023-01-07,In-Store,Clothing,2,25.0,0.05,47.5,24.11,0
869,234,2023-08-20,2023-08-24,In-Store,Home,5,120.0,0.0,600.0,125.34,0
870,231,2024-06-06,2024-06-11,In-Store,Beauty,5,25.0,0.0,125.0,67.55,0
871,234,2024-08-08,2024-08-13,Online,Clothing,1,25.0,0.1,22.5,10.38,0
872,215,2024-09-27,2024-09-30,In-Store,Sports,3,25.0,0.0,75.0,19.24,0
873,213,2023-12-09,2023-12-12,Online,Home,2,120.0,0.05,228.0,78.99,0
874,215,2023-11-20,2023-11-22,In-Store,Electronics,1,249.0,0.0,249.0,38.84,0
875,232,2023-09-03,2023-09-08,Online,Clothing,5,15.0,0.15,63.75,31.87,1
876,207,2023-05-24,2023-05-31,In-Store,Electronics,3,599.0,0.0,1797.0,389.42,0
877,204,2023-01-29,2023-01-30,Online,Beauty,4,55.0,0.1,198.0,91.62,0
878,231,2023-11-23,2023-11-27,Online,Home,3,90.0,0.0,270.0,63.45,0
879,230,2023-06-06,2023-06-11,In-Store,Clothing,2,75.0,0.1,135.0,64.46,0
880,220,2023-06-04,2023-06-08,In-Store,Sports,4,70.0,0.0,280.0,89.48,0
881,227,2023-05-25,2023-05-30,In-Store,Clothing,3,75.0,0.1,202.5,86.96,0
882,214,2024-01-28,2024-02-03,Online,Sports,4,110.0,0.05,418.0,108.85,0
883,216,2023-10-31,2023-11-02,In-Store,Beauty,4,10.0,0.0,40.0,23.65,0
884,234,2023-07-03,2023-07-05,In-Store,Clothing,5,50.0,0.1,225.0,90.46,0
885,217,2023-04-05,2023-04-12,In-Store,Sports,5,45.0,0.0,225.0,47.11,1
886,202,2024-05-27,2024-05-28,In-Store,Electronics,1,399.0,0.0,399.0,66.71,0
887,205,2024-05-15,2024-05-19,Online,Sports,5,25.0,0.05,118.75,44.93,1
888,219,2024-09-15,2024-09-17,In-Store,Beauty,2,40.0,0.0,80.0,38.53,0
889,211,2023-06-28,2023-06-30,Online,Clothing,4,15.0,0.0,60.0,24.87,0
890,226,2024-09-21,2024-09-26,Online,Beauty,4,25.0,0.05,95.0,56.67,1
891,204,2023-05-03,2023-05-08,Online,Clothing,3,75.0,0.05,213.75,71.35,0
892,225,2024-05-15,2024-05-18,Online,Electronics,5,199.0,0.1,895.5,97.38,0
893,212,2024-06-13,2024-06-16,Online,Beauty,5,18.0,0.0,90.0,46.14,1
894,226,2023-07-18,2023-07-23,In-Store,Beauty,1,25.0,0.05,23.75,14.33,0
895,222,2023-03-24,2023-03-27,In-Store,Electronics,4,249.0,0.0,996.0,87.07,0
896,223,2023-09-05,2023-09-10,In-Store,Clothing,1,35.0,0.0,35.0,16.95,0
897,218,2023-04-02,2023-04-07,In-Store,Beauty,2,25.0,0.0,50.0,31.47,0
898,221,2023-06-30,2023-07-02,Online,Home,1,60.0,0.1,54.0,19.37,0
899,220,2024-02-14,2024-02-19,Online,Clothing,2,15.0,0.0,30.0,14.12,0
900,234,2024-05-26,2024-05-29,In-Store,Beauty,4,40.0,0.1,144.0,73.43,0
